Match Number,HTGD,RED-H,RED-A,POINTS_H,POINTS_A,TOTAL_H_P,TOTAL_A_P,FGS-0,FGS-1,Match_O
1,0,0,0,0,3,0,55,0,0,Draw
2,2,0,0,0,1,65,0,0,1,Win
3,3,0,0,0,0,83,48,0,1,Win
4,2,0,0,0,0,91,43,0,1,Win
5,0,0,0,0,0,0,82,0,0,Draw
6,0,0,0,0,0,67,42,1,0,Draw
7,1,0,0,0,0,50,0,0,1,Win
8,1,0,0,0,0,58,51,0,1,Win
9,1,0,0,0,0,38,63,0,1,Win
10,0,0,0,0,0,0,45,1,0,Win
11,-1,0,1,0,0,55,47,1,0,Win
12,2,0,0,0,0,56,65,0,1,Win
13,1,0,0,0,3,51,0,0,1,Win
14,1,0,0,1,1,43,67,0,1,Win
15,0,0,1,1,3,42,0,1,0,Win
16,0,0,0,0,3,43,38,0,0,Draw
17,0,0,0,0,3,63,50,0,0,Draw
18,0,0,0,0,3,47,83,1,0,Loss
19,0,0,0,0,3,48,56,1,0,Draw
20,-1,0,0,0,3,45,91,1,0,Win
21,0,1,1,0,4,47,56,1,0,Win
22,1,0,0,1,1,48,0,0,1,Win
23,0,0,1,3,4,65,50,1,0,Loss
24,0,0,0,1,6,0,83,1,0,Loss
25,0,0,0,1,1,0,63,1,0,Win
26,1,0,0,9,3,83,65,0,1,Win
27,-1,0,0,3,4,45,38,1,0,Loss
28,2,0,0,4,3,42,58,0,1,Win
29,0,0,0,1,3,63,91,1,0,Loss
30,1,0,0,1,4,82,55,1,0,Win
31,-1,0,0,4,7,55,42,1,0,Draw
32,2,0,0,7,4,50,82,0,1,Win
33,-1,0,0,1,3,67,45,1,0,Draw
34,0,0,0,4,1,56,0,0,0,Win
35,1,0,0,6,3,91,47,0,1,Win
36,0,0,0,3,4,58,48,0,0,Loss
37,0,0,0,7,3,38,51,0,0,Win
38,0,0,0,1,8,0,42,0,0,Draw
39,1,0,0,3,4,0,43,0,1,Win
40,-2,0,0,2,6,0,0,1,0,Loss
41,0,0,0,9,12,0,83,0,0,Draw
42,1,0,0,4,6,82,58,0,1,Win
43,1,0,0,9,4,91,82,0,1,Win
44,0,0,0,2,4,63,43,0,1,Win
45,0,0,0,3,7,65,48,0,0,Draw
46,0,0,0,5,3,55,58,1,0,Loss
47,-1,0,0,12,2,83,67,1,0,Loss
48,0,0,0,3,10,47,38,1,0,Loss
49,0,0,0,7,4,56,45,0,0,Draw
50,0,0,0,10,3,50,51,0,0,Draw
51,1,0,0,9,3,42,47,0,1,Win
52,0,0,0,8,12,48,91,1,0,Loss
53,0,0,0,4,5,43,55,0,0,Win
54,-1,0,0,5,5,45,63,1,0,Loss
55,1,0,0,4,2,51,0,0,1,Draw
56,1,0,0,2,5,0,45,0,1,Win
57,-1,0,0,13,8,38,56,1,0,Loss
58,0,0,0,6,11,58,50,0,1,Draw
59,0,0,0,7,4,82,65,0,0,Win
60,0,0,0,5,2,67,0,0,0,Win
61,1,0,0,12,7,50,43,0,1,Draw
62,1,0,0,3,8,0,48,0,1,Draw
63,-1,0,0,5,10,55,0,1,0,Loss
64,0,0,0,8,5,63,51,1,0,Draw
65,1,0,0,13,7,83,58,0,1,Win
66,1,0,0,4,13,65,38,0,1,Win
67,1,0,0,11,10,56,82,0,1,Win
68,0,0,0,3,8,47,67,0,1,Loss
69,0,0,0,15,12,91,42,0,1,Draw
70,1,0,0,13,5,38,55,0,1,Win
71,-1,0,0,13,16,0,91,1,0,Loss
72,2,0,0,11,4,67,0,0,1,Win
73,0,0,0,13,7,42,65,0,0,Win
74,-1,0,0,10,11,82,63,1,0,Draw
75,0,0,0,8,5,43,0,0,0,Draw
76,1,0,0,5,13,45,50,0,1,Win
77,0,0,0,14,12,42,48,0,1,Draw
78,0,0,0,9,3,48,47,0,0,Win
79,1,0,0,7,14,58,56,0,1,Loss
80,1,0,0,5,16,51,83,0,1,Loss
81,2,0,1,13,6,50,0,0,1,Win
82,1,0,0,19,11,83,82,0,1,Win
83,0,0,0,12,17,63,56,1,0,Win
84,0,0,0,8,7,45,58,0,0,Win
85,1,0,0,8,5,65,55,0,1,Win
86,-2,0,0,13,14,0,67,1,0,Loss
87,2,0,0,5,9,51,43,0,1,Win
88,0,0,0,3,4,47,0,0,0,Draw
89,0,0,0,19,16,91,38,0,0,Win
90,0,0,0,5,11,0,65,0,0,Draw
91,0,0,0,7,4,58,47,0,0,Draw
92,-1,0,0,17,16,67,50,1,0,Draw
93,-2,0,0,20,22,56,83,1,0,Loss
94,0,0,0,13,8,48,51,1,0,Loss
95,3,0,0,11,15,82,42,0,1,Win
96,1,0,0,16,13,38,0,0,1,Win
97,1,0,0,6,11,0,45,0,1,Win
98,0,0,0,8,6,58,0,1,0,Loss
99,1,0,0,9,11,43,45,0,1,Win
100,1,0,0,5,12,55,63,0,1,Win
101,0,0,0,6,22,0,91,0,1,Loss
102,0,0,0,8,18,55,67,0,0,Win
103,1,0,0,15,12,42,63,0,1,Win
104,0,0,0,12,25,65,91,1,0,Win
105,0,0,0,13,17,48,50,0,0,Win
106,0,0,0,20,11,56,51,1,0,Loss
107,1,0,0,5,12,47,43,0,1,Win
108,1,0,0,14,13,82,0,0,1,Win
109,2,0,0,25,19,83,38,0,1,Win
110,2,0,0,14,8,51,47,0,1,Win
111,0,0,0,12,28,63,83,1,0,Loss
112,1,0,0,18,17,67,82,0,1,Win
113,0,0,0,12,8,43,58,0,0,Draw
114,2,0,0,25,9,91,0,0,1,Win
115,-1,0,0,17,18,50,42,1,0,Loss
116,0,0,0,11,11,45,55,0,0,Win
117,0,0,0,19,16,38,48,1,0,Draw
118,-1,0,0,9,20,0,56,1,0,Draw
119,0,0,0,10,31,0,83,0,1,Loss
120,0,0,0,14,17,45,82,0,0,Draw
121,1,0,0,13,15,0,65,1,0,Win
122,0,0,0,17,21,51,42,0,0,Draw
123,1,0,0,12,15,63,65,0,1,Draw
124,3,0,0,13,17,43,48,0,1,Win
125,-1,0,0,21,9,67,58,1,0,Draw
126,1,0,0,28,11,91,55,0,1,Win
127,0,0,0,17,21,50,56,0,0,Win
128,0,0,0,20,9,38,0,1,0,Win
129,1,0,0,16,8,0,47,0,1,Win
130,1,0,0,11,10,55,0,0,1,Win
131,1,0,0,21,22,56,67,0,1,Win
132,0,0,0,9,10,0,0,1,0,Loss
133,0,0,0,10,23,58,38,0,0,Win
134,1,0,0,16,18,65,51,1,0,Win
135,1,0,0,34,31,83,91,0,1,Draw
136,0,0,0,8,20,47,50,1,0,Draw
137,0,0,0,22,15,42,45,1,0,Draw
138,-1,1,0,17,19,48,0,1,0,Loss
139,0,0,0,18,16,82,43,0,0,Win
140,0,0,0,21,23,82,38,0,0,Draw
141,1,0,0,35,21,83,50,0,1,Win
142,2,0,0,13,20,63,48,0,1,Win
143,-1,0,0,24,23,38,42,1,0,Draw
144,1,0,0,22,24,0,56,0,1,Win
145,-1,0,0,13,9,0,47,1,0,Win
146,-4,0,0,18,22,51,82,1,0,Loss
147,-1,0,0,16,38,45,83,1,0,Loss
148,-2,0,0,23,16,42,43,1,0,Loss
149,1,0,0,17,22,48,67,0,1,Win
150,-1,0,0,24,32,56,91,1,0,Loss
151,2,0,0,22,19,67,65,0,1,Win
152,0,0,0,14,18,55,51,1,0,Loss
153,0,0,0,9,16,47,63,0,0,Win
154,0,0,0,19,16,65,45,0,0,Win
155,0,0,0,19,9,43,0,0,0,Draw
156,0,0,0,21,14,50,55,0,0,Win
157,-2,1,0,16,16,63,58,1,0,Loss
158,0,0,0,25,20,82,48,0,0,Win
159,-1,0,0,16,21,45,51,1,0,Draw
160,2,0,0,25,24,38,50,0,1,Win
161,1,0,0,22,12,65,47,0,1,Win
162,0,0,0,10,25,0,0,0,0,Draw
163,1,0,0,24,14,56,55,0,1,Win
164,-1,0,0,13,25,58,0,0,1,Win
165,2,0,0,41,20,83,43,0,1,Win
166,-1,0,0,26,24,0,50,1,0,Loss
167,-1,0,0,22,42,51,91,1,0,Loss
168,2,0,0,20,17,48,45,0,1,Win
169,1,0,0,24,39,50,91,0,1,Loss
170,-2,0,0,20,25,43,65,1,0,Loss
171,0,0,0,14,44,55,83,0,0,Win
172,-1,0,0,12,28,47,82,1,0,Loss
173,-1,0,0,29,28,67,38,1,0,Draw
174,0,0,0,19,11,58,0,0,0,Win
175,1,0,0,26,16,0,63,0,1,Loss
176,-1,0,0,22,17,51,0,1,0,Loss
177,0,0,0,25,27,42,56,1,0,Loss
178,0,0,0,36,19,91,58,0,0,Win
179,0,0,0,22,26,51,67,1,0,Loss
180,-1,0,0,16,24,0,42,1,0,Draw
181,0,0,0,35,25,91,67,1,0,Draw
182,0,0,0,25,44,42,83,1,0,Loss
183,0,0,0,31,11,82,0,0,0,Win
184,-2,0,0,20,30,43,56,1,0,Loss
185,1,0,0,17,12,45,47,0,1,Win
186,2,0,0,22,28,58,65,0,1,Win
187,-1,0,0,29,20,38,0,1,0,Win
188,0,0,0,20,20,0,43,1,0,Loss
189,0,0,0,11,33,0,67,1,0,Loss
190,0,0,0,23,17,48,55,0,0,Draw
191,2,0,0,30,19,67,63,1,0,Win
192,0,0,0,18,23,55,43,1,0,Loss
193,1,0,0,20,36,0,67,0,1,Win
194,1,0,0,12,24,47,48,1,0,Draw
195,1,0,0,45,26,91,0,0,1,Draw
196,0,0,0,28,25,65,42,0,0,Win
197,-2,0,0,18,32,55,38,1,0,Loss
198,0,0,0,19,34,63,82,0,0,Win
199,0,0,0,33,25,56,58,1,0,Win
200,0,0,0,27,20,50,45,0,0,Draw
201,0,0,0,47,22,83,51,0,0,Win
202,-1,0,0,31,30,50,0,1,0,Draw
203,0,0,0,32,26,65,58,0,1,Loss
204,-2,0,0,12,40,0,82,1,0,Loss
205,0,0,0,39,29,56,43,0,0,Draw
206,0,0,0,16,24,47,45,0,1,Loss
207,1,0,0,48,22,91,51,0,1,Win
208,3,0,0,54,26,83,42,0,1,Win
209,1,0,0,23,36,0,38,0,1,Draw
210,0,0,0,18,27,55,48,1,0,Draw
211,-1,0,1,28,39,63,67,1,0,Loss
212,2,0,1,36,16,67,47,0,1,Win
213,0,0,0,25,47,42,91,0,0,Draw
214,0,0,0,37,39,82,56,0,0,Win
215,0,0,0,26,11,48,0,0,0,Draw
216,0,0,0,26,31,43,50,0,0,Win
217,0,0,0,21,23,45,0,0,1,Win
218,1,0,0,35,31,38,65,0,1,Draw
219,4,0,0,27,18,0,55,0,1,Win
220,-1,0,0,22,25,51,63,1,0,Loss
221,0,0,0,25,53,58,83,0,1,Draw
222,-1,0,0,13,25,47,42,1,0,Win
223,1,0,0,22,21,63,45,0,1,Win
224,1,0,0,36,35,56,38,1,0,Win
225,0,0,0,46,25,91,48,1,0,Draw
226,0,0,0,28,25,50,58,0,1,Win
227,0,0,0,50,27,83,0,0,1,Win
228,-1,0,0,31,34,65,82,1,0,Loss
229,1,0,0,31,24,0,0,0,1,Win
230,-1,0,0,30,28,43,63,1,0,Loss
231,0,0,0,22,32,51,50,1,0,Loss
232,0,0,0,42,57,67,83,1,0,Win
233,2,0,0,43,51,82,91,0,1,Win
234,0,0,0,26,12,42,0,0,0,Win
235,0,0,0,28,32,48,65,0,0,Draw
236,3,0,0,27,40,45,56,0,1,Win
237,-1,0,0,29,19,58,55,1,0,Draw
238,0,0,0,37,16,38,47,1,0,Loss
239,0,0,0,30,37,43,0,1,0,Loss
240,0,0,0,15,41,0,56,1,0,Loss
241,0,0,0,22,38,51,38,0,0,Win
242,0,0,0,31,45,45,67,0,0,Draw
243,1,0,0,51,31,91,63,0,1,Win
244,0,0,0,40,19,56,47,0,1,Draw
245,1,0,0,57,15,83,0,0,1,Win
246,1,0,0,30,29,58,42,0,1,Win
247,0,0,0,37,30,38,45,0,0,Draw
248,2,0,0,24,29,0,48,0,1,Win
249,0,0,0,20,46,55,82,1,0,Loss
250,0,0,0,34,22,0,51,1,0,Win
251,0,0,0,12,31,0,63,0,1,Win
252,-1,0,0,20,15,55,0,1,0,Draw
253,1,0,0,38,30,38,43,0,1,Win
254,-1,0,0,33,60,65,83,1,0,Loss
255,0,0,0,49,35,82,50,0,0,Draw
256,1,0,0,29,20,42,55,0,1,Win
257,0,0,0,31,27,63,0,0,1,Win
258,-1,0,0,20,54,47,91,1,0,Loss
259,0,0,0,29,33,48,58,0,0,Win
260,0,0,1,18,25,0,51,0,1,Draw
261,0,0,0,39,33,50,65,1,0,Loss
262,1,0,0,44,32,56,48,0,1,Win
263,-1,0,0,46,25,67,51,1,0,Win
264,1,0,0,40,32,0,42,0,1,Win
265,1,0,0,57,32,91,45,0,1,Win
266,1,0,0,36,34,50,63,0,1,Win
267,1,0,0,63,20,83,47,0,1,Win
268,0,0,0,33,50,58,82,1,0,Win
269,0,0,0,27,33,0,65,1,0,Win
270,0,0,0,30,42,0,50,0,0,Draw
271,2,0,0,19,23,0,47,0,1,Draw
272,-1,0,0,41,60,38,91,1,0,Loss
273,0,0,0,26,36,51,58,1,0,Draw
274,2,0,0,34,41,63,38,0,1,Win
275,2,1,0,36,47,65,56,0,1,Win
276,0,0,0,32,66,48,83,0,1,Loss
277,3,0,0,20,20,47,55,0,1,Win
278,2,0,0,50,30,82,0,0,1,Win
279,1,0,0,32,43,45,0,0,1,Win
280,-2,0,0,19,39,0,50,1,0,Loss
281,-1,0,0,33,52,42,67,1,0,Loss
282,-1,0,0,30,63,43,91,1,0,Loss
283,0,0,0,47,37,56,63,1,0,Loss
284,2,0,0,20,39,55,65,0,1,Loss
285,0,0,0,53,69,82,83,1,0,Loss
286,0,0,0,49,43,67,0,0,0,Win
287,0,0,0,32,32,48,42,1,0,Draw
288,-1,0,0,30,29,43,51,1,0,Loss
289,0,0,0,36,35,58,45,0,0,Draw
290,0,0,0,43,55,50,67,0,0,Win
291,3,0,0,72,47,83,56,0,1,Win
292,2,0,0,66,31,91,0,0,1,Win
293,0,0,0,36,30,45,43,1,0,Loss
294,0,0,0,43,41,0,38,0,0,Draw
295,1,0,0,42,20,65,0,0,1,Win
296,0,0,0,32,33,51,48,0,0,Draw
297,0,0,0,40,20,63,55,0,0,Loss
298,0,0,0,24,37,47,58,0,0,Win
299,0,0,0,33,53,42,82,0,0,Draw
300,2,0,0,23,36,55,45,0,1,Win
301,0,0,0,20,69,0,91,1,0,Loss
302,1,0,0,45,44,65,0,0,1,Win
303,2,0,0,54,55,82,67,0,1,Win
304,0,0,0,47,31,56,0,0,0,Win
305,0,0,0,27,33,47,51,0,0,Win
306,-1,0,0,34,42,48,38,1,0,Draw
307,-1,0,0,75,40,83,63,1,0,Win
308,0,0,0,37,33,58,43,1,0,Loss
309,0,0,0,36,30,43,47,0,0,Draw
310,2,0,0,47,35,50,48,1,0,Win
311,-1,0,0,34,46,42,50,1,0,Draw
312,0,0,0,72,48,91,65,0,0,Win
313,-1,0,0,55,26,67,55,1,0,Loss
314,0,0,0,40,35,63,42,0,1,Loss
315,1,0,0,36,20,45,0,0,1,Win
316,-1,0,0,44,57,0,82,1,0,Loss
317,-1,0,0,31,37,0,58,1,0,Loss
318,0,0,0,33,50,51,56,0,1,Loss
319,1,0,0,43,78,38,83,0,1,Win
320,0,0,0,31,44,47,0,0,0,Draw
321,0,0,0,53,50,56,50,0,1,Draw
322,-2,0,0,35,37,48,43,1,0,Loss
323,0,0,0,40,55,58,67,0,0,Draw
324,0,0,0,56,54,67,56,1,0,Win
325,0,0,0,40,60,43,82,0,0,Draw
326,0,0,0,39,39,45,42,0,1,Loss
327,1,0,0,46,41,38,58,0,1,Win
328,1,0,0,45,35,0,48,0,1,Win
329,1,0,0,31,29,0,55,0,1,Win
330,1,0,0,20,46,0,38,1,0,Win
331,-1,0,1,38,33,42,51,1,0,Draw
332,0,0,0,61,39,82,45,0,0,Win
333,-1,0,0,29,75,55,91,1,0,Loss
334,0,0,0,59,41,67,43,0,1,Win
335,1,0,0,78,34,83,0,0,1,Win
336,0,0,0,34,48,51,65,0,1,Draw
337,0,0,0,51,32,50,47,0,0,Win
338,1,0,0,35,43,48,63,0,1,Draw
339,1,0,0,64,35,82,51,0,1,Win
340,0,0,0,23,41,0,43,1,0,Draw
341,1,0,0,29,54,55,50,0,1,Win
342,0,0,0,81,39,83,45,0,1,Draw
343,2,0,0,40,23,63,0,0,1,Win
344,0,0,0,51,54,63,0,0,1,Draw
345,0,0,0,55,49,56,42,0,1,Draw
346,0,0,0,82,57,91,50,1,0,Draw
347,-1,0,0,67,33,82,47,1,0,Draw
348,-1,0,0,89,38,83,55,1,0,Loss
349,1,0,0,43,39,45,48,0,1,Win
350,-1,0,0,53,67,38,67,1,0,Loss
351,-1,0,0,38,35,0,51,1,0,Loss
352,1,0,0,57,42,65,43,0,1,Win
353,-1,0,0,27,42,0,58,1,0,Draw
354,-1,0,0,56,50,65,63,1,0,Draw
355,0,0,0,81,88,91,83,0,0,Draw
356,-1,0,0,33,53,47,65,1,0,Loss
357,1,0,1,66,80,67,91,0,1,Draw
358,-1,0,0,42,85,43,83,1,0,Draw
359,0,0,0,54,53,50,38,0,0,Win
360,0,0,0,36,67,48,82,0,0,Win
361,-1,0,0,42,47,58,63,1,0,Loss
362,0,0,0,54,24,0,0,1,0,Loss
363,3,0,0,35,55,55,56,0,1,Win
364,-1,0,0,35,40,51,45,1,0,Loss
365,2,0,0,46,38,42,0,0,1,Win
366,0,0,0,51,42,0,58,0,0,Win
367,1,0,0,63,36,67,48,0,1,Win
368,1,0,0,79,54,91,56,1,0,Draw
369,1,0,0,54,82,50,83,0,1,Loss
370,0,0,0,44,33,63,47,0,0,Win
371,0,0,0,42,43,43,42,1,0,Loss
372,-1,0,0,40,50,45,65,1,0,Loss
373,2,0,0,50,67,38,82,0,1,Win
374,1,0,0,35,24,0,0,0,1,Win
375,-1,0,0,35,32,51,55,1,0,Loss
376,0,0,0,41,78,58,91,0,0,Draw
377,0,0,0,42,49,42,38,0,0,Draw
378,1,0,0,49,62,65,67,0,1,Draw
379,0,0,0,54,48,56,0,0,0,Loss
380,0,0,0,32,34,47,0,0,0,Draw
381,3,0,0,0,0,85,57,0,1,Win
382,0,0,0,0,0,60,55,0,0,Win
383,0,0,0,0,0,87,43,1,0,Draw
384,1,0,0,0,0,83,0,0,1,Win
385,3,0,0,0,0,37,0,0,1,Win
386,0,0,0,0,0,65,58,1,0,Loss
387,0,0,0,0,0,0,36,1,0,Win
388,0,0,0,0,0,42,46,0,0,Win
389,2,0,0,0,0,49,40,0,1,Win
390,0,0,0,0,0,39,76,1,0,Loss
391,0,0,0,3,3,58,0,0,1,Draw
392,0,0,0,3,3,76,42,1,0,Win
393,0,0,0,1,3,43,37,1,0,Draw
394,1,0,0,0,3,0,60,0,1,Win
395,0,0,0,0,0,46,39,1,0,Loss
396,0,0,0,0,0,0,65,1,0,Loss
397,1,0,0,0,3,36,83,0,1,Win
398,-1,0,0,0,3,40,85,1,0,Loss
399,0,0,1,0,3,55,49,0,0,Win
400,-1,0,0,0,1,57,87,1,0,Loss
401,0,0,0,3,0,37,0,0,0,Draw
402,-2,0,0,3,0,65,57,1,0,Loss
403,-2,0,0,4,0,0,40,1,0,Loss
404,1,0,1,3,3,42,0,0,1,Win
405,1,0,0,3,4,49,58,0,1,Win
406,2,0,0,3,4,83,43,0,1,Win
407,0,0,0,6,0,85,46,0,1,Draw
408,-1,0,0,3,3,39,55,1,0,Loss
409,0,0,0,3,6,60,76,0,0,Draw
410,0,0,0,1,6,0,49,0,1,Win
411,-1,0,0,3,3,40,39,1,0,Draw
412,0,0,0,6,7,55,85,0,1,Loss
413,0,0,0,7,4,76,87,1,0,Win
414,-2,0,0,4,6,58,83,1,0,Loss
415,2,0,0,3,4,36,37,0,1,Win
416,-1,0,0,4,4,43,0,1,0,Loss
417,-1,0,0,3,6,57,42,1,0,Win
418,-1,0,0,1,4,46,60,1,0,Loss
419,-1,0,0,3,3,0,65,1,0,Loss
420,0,0,0,4,6,39,42,1,0,Win
421,0,0,0,4,6,58,36,0,0,Win
422,0,0,0,10,3,76,0,0,0,Draw
423,2,0,0,6,4,49,43,0,1,Win
424,-1,0,0,4,9,37,83,0,1,Loss
425,-1,0,0,4,7,0,60,1,0,Loss
426,-1,0,0,10,4,85,87,1,0,Draw
427,-2,1,0,6,9,36,49,1,0,Loss
428,0,0,0,5,4,87,37,0,0,Win
429,0,0,0,6,4,42,0,1,0,Loss
430,1,0,0,6,2,57,46,0,1,Win
431,1,0,0,5,9,40,55,0,1,Win
432,0,0,0,7,11,65,76,1,0,Loss
433,1,0,0,10,7,60,39,1,0,Win
434,0,0,0,7,12,39,83,0,0,Draw
435,-2,0,0,12,4,49,37,1,0,Loss
436,2,0,0,14,13,85,60,0,1,Win
437,2,0,0,9,14,55,76,0,1,Loss
438,1,0,0,9,4,57,0,0,1,Win
439,-1,0,0,2,11,46,0,1,0,Loss
440,1,0,0,7,4,65,43,0,1,Draw
441,-1,0,0,13,8,83,65,1,0,Win
442,0,0,0,13,12,60,57,0,0,Draw
443,0,1,0,5,9,43,55,1,0,Draw
444,0,0,0,14,12,0,49,0,0,Win
445,0,0,1,4,2,0,46,0,1,Win
446,-1,0,0,9,17,42,85,1,0,Loss
447,-1,0,0,8,14,65,87,1,0,Draw
448,0,0,0,9,6,39,43,0,1,Win
449,0,0,0,10,17,0,0,1,0,Loss
450,0,0,0,11,9,58,42,1,0,Draw
451,-1,0,0,20,20,85,76,1,0,Loss
452,1,0,0,10,7,55,0,0,1,Win
453,2,0,0,6,10,43,0,0,1,Win
454,0,0,0,17,12,60,58,1,0,Win
455,1,0,0,8,8,36,40,0,1,Win
456,-1,0,0,20,20,0,85,1,0,Loss
457,0,0,0,7,12,0,39,0,0,Win
458,0,0,0,19,5,83,46,1,0,Draw
459,0,0,0,8,9,37,65,1,0,Loss
460,0,0,0,23,14,76,57,0,0,Win
461,2,0,0,15,12,87,49,0,1,Win
462,0,0,0,10,13,42,55,0,0,Win
463,-1,0,0,13,12,42,49,1,0,Draw
464,-1,0,0,14,8,57,40,1,0,Loss
465,1,0,0,10,20,0,83,0,1,Win
466,-1,0,1,10,12,0,58,1,0,Draw
467,-1,0,0,6,26,46,76,1,0,Win
468,0,0,0,9,20,43,60,0,0,Win
469,0,0,0,8,13,37,55,0,0,Win
470,0,0,0,12,11,65,36,0,0,Win
471,3,0,0,23,12,85,39,0,1,Win
472,2,0,0,18,20,87,0,0,1,Win
473,1,0,0,20,21,83,87,0,1,Win
474,0,0,0,11,13,40,0,0,0,Draw
475,0,0,0,20,11,0,37,1,0,Loss
476,1,0,0,12,14,39,57,0,1,Loss
477,0,0,0,13,15,49,65,0,0,Loss
478,2,0,0,26,11,76,0,0,1,Win
479,-1,0,0,13,26,58,85,1,0,Loss
480,0,0,0,20,14,60,42,1,0,Loss
481,0,1,1,13,9,55,46,0,1,Loss
482,1,0,0,11,12,36,43,0,1,Win
483,1,0,0,14,12,36,46,0,1,Win
484,2,0,0,21,14,87,0,0,1,Win
485,-1,0,0,12,12,43,40,1,0,Draw
486,0,0,0,13,17,49,57,0,0,Draw
487,-3,0,0,11,29,0,85,1,0,Loss
488,-1,0,0,18,17,65,42,1,0,Draw
489,-1,0,0,20,13,0,55,0,1,Draw
490,-1,0,0,14,29,37,76,1,0,Loss
491,-1,0,0,23,20,83,60,1,0,Loss
492,1,0,0,13,12,58,39,0,1,Loss
493,1,0,0,14,23,55,83,0,1,Win
494,-2,0,0,18,14,42,37,1,0,Loss
495,0,0,0,13,19,40,65,0,0,Win
496,1,0,1,12,13,46,58,0,1,Win
497,-1,0,0,15,14,39,49,1,0,Loss
498,0,0,0,32,13,85,43,0,0,Draw
499,0,0,0,32,17,76,36,0,0,Draw
500,0,0,0,24,18,60,36,0,0,Draw
501,0,0,0,18,14,42,43,0,0,Draw
502,-1,0,0,17,22,0,0,1,0,Draw
503,-2,0,0,15,17,39,37,0,1,Loss
504,0,0,0,16,11,40,0,1,0,Win
505,-1,0,0,17,25,55,87,1,0,Loss
506,0,0,0,19,13,57,58,0,0,Win
507,0,0,0,15,19,46,65,1,0,Loss
508,1,0,0,33,23,85,83,0,1,Loss
509,0,0,0,13,34,58,76,1,0,Loss
510,-2,0,0,20,33,37,85,1,0,Loss
511,0,0,0,23,19,0,42,1,0,Win
512,2,0,0,15,18,43,0,0,1,Draw
513,0,0,0,19,17,36,55,1,0,Draw
514,1,0,0,26,19,83,40,0,1,Win
515,0,0,0,18,15,49,46,1,0,Loss
516,1,0,0,11,22,0,57,0,1,Draw
517,0,0,0,22,25,65,60,1,0,Loss
518,0,0,0,19,20,0,36,0,0,Draw
519,3,0,0,15,12,39,0,0,1,Win
520,2,0,0,19,13,40,58,0,1,Win
521,0,0,0,18,31,46,87,0,0,Draw
522,0,0,0,23,16,57,43,1,0,Loss
523,-1,0,0,36,18,85,49,1,0,Draw
524,0,0,0,19,29,42,83,1,0,Draw
525,1,0,0,28,20,60,37,1,0,Win
526,0,0,0,37,26,76,0,1,0,Draw
527,0,0,0,18,22,55,65,1,0,Loss
528,1,0,0,20,23,37,57,0,1,Win
529,1,0,0,21,20,36,42,0,1,Win
530,0,0,0,12,18,0,55,0,0,Win
531,0,0,0,19,19,43,46,0,1,Win
532,0,0,0,30,38,83,76,0,1,Draw
533,3,0,0,13,20,58,0,0,1,Win
534,0,0,1,25,37,65,85,0,0,Draw
535,0,0,0,20,32,0,87,1,0,Loss
536,2,0,0,38,15,85,0,0,1,Win
537,1,0,0,23,19,57,49,0,1,Loss
538,0,0,0,19,24,46,36,0,0,Draw
539,1,0,0,39,23,76,37,0,1,Win
540,4,0,0,18,27,55,0,0,1,Win
541,0,0,0,20,26,42,65,1,0,Loss
542,0,0,0,21,16,39,58,0,0,Draw
543,1,0,0,22,22,40,43,0,1,Win
544,-1,0,0,23,25,37,40,1,0,Loss
545,0,0,0,35,20,87,42,0,0,Win
546,-1,0,0,22,42,43,76,1,0,Loss
547,0,0,0,32,23,83,57,0,0,Win
548,1,0,0,38,42,87,85,0,1,Win
549,2,0,0,38,18,60,0,0,1,Win
550,0,0,0,35,23,83,37,0,0,Win
551,2,0,0,32,27,65,0,0,1,Win
552,1,0,0,20,22,42,39,0,1,Draw
553,0,0,0,23,26,39,36,0,0,Win
554,-2,1,0,21,47,0,87,1,0,Loss
555,-1,0,0,24,44,57,60,1,0,Loss
556,3,0,0,21,21,46,0,0,1,Win
557,0,0,0,46,35,76,65,0,0,Draw
558,0,0,0,26,26,49,36,0,1,Win
559,0,0,0,20,23,46,57,1,0,Draw
560,0,0,0,18,23,58,43,0,0,Win
561,0,0,0,23,44,37,87,1,0,Loss
562,0,0,0,42,21,85,0,1,0,Win
563,0,0,0,22,31,55,40,0,0,Win
564,1,0,0,23,41,39,60,0,1,Loss
565,1,0,0,18,21,0,42,0,1,Win
566,-1,0,0,27,38,0,83,1,0,Loss
567,1,0,0,41,31,87,40,0,1,Win
568,0,0,0,28,20,40,46,0,0,Win
569,0,0,0,45,21,85,42,0,0,Win
570,1,0,0,25,23,55,43,0,1,Win
571,-1,0,0,31,47,40,76,1,0,Draw
572,-2,0,0,21,23,58,37,1,0,Win
573,0,0,0,36,41,65,83,0,0,Draw
574,1,0,0,26,24,36,57,0,1,Win
575,1,1,0,21,28,0,55,0,1,Win
576,0,0,0,42,32,83,49,0,0,Draw
577,0,0,0,47,32,60,40,0,0,Draw
578,1,0,0,24,24,37,46,0,1,Win
579,1,0,0,27,21,0,0,0,1,Draw
580,0,0,0,21,22,42,58,0,0,Draw
581,1,0,0,50,37,87,65,0,1,Win
582,-1,0,0,23,26,43,39,1,0,Draw
583,0,0,0,48,48,76,85,0,0,Win
584,-2,0,0,22,24,0,43,1,0,Loss
585,0,0,0,33,29,40,36,0,0,Draw
586,0,0,0,24,51,57,76,0,0,Loss
587,2,0,0,56,30,87,36,0,1,Win
588,0,0,0,24,31,57,55,0,0,Win
589,0,0,1,24,43,46,83,0,0,Draw
590,0,0,0,33,53,49,87,1,0,Loss
591,0,0,0,28,22,55,42,0,0,Win
592,-1,0,0,23,48,58,60,1,0,Loss
593,0,0,0,48,28,85,0,0,0,Draw
594,1,0,0,37,27,65,37,0,1,Win
595,0,0,0,27,24,39,0,0,0,Win
596,-1,0,0,51,49,60,85,1,0,Loss
597,0,0,0,44,30,83,39,0,0,Draw
598,2,0,0,27,33,37,49,0,1,Win
599,0,0,0,22,34,42,40,0,0,Draw
600,0,0,0,24,27,0,57,1,0,Draw
601,0,0,0,59,23,87,58,0,1,Win
602,0,0,0,54,31,76,55,1,0,Draw
603,0,1,0,27,40,43,65,0,0,Draw
604,1,0,0,41,22,65,0,0,1,Win
605,0,0,0,45,33,83,36,0,0,Draw
606,1,0,0,52,35,85,40,0,1,Win
607,1,0,0,23,55,42,76,0,1,Win
608,0,0,0,29,25,0,46,1,0,Loss
609,0,0,0,30,22,36,0,0,0,Win
610,-2,0,0,29,23,0,58,1,0,Loss
611,0,0,0,33,32,49,55,0,0,Win
612,0,0,0,30,28,37,43,0,0,Win
613,1,0,0,51,25,60,0,0,1,Draw
614,0,0,0,28,55,57,85,1,0,Loss
615,1,0,0,34,27,36,58,0,1,Loss
616,1,0,0,31,31,39,46,0,1,Draw
617,1,0,0,32,52,55,60,0,1,Win
618,0,0,0,28,62,43,87,0,1,Loss
619,1,0,0,26,33,0,37,0,1,Win
620,-1,0,1,35,36,40,49,1,0,Loss
621,0,0,0,26,44,58,65,0,0,Draw
622,0,0,0,34,29,36,0,1,0,Loss
623,3,0,0,28,26,46,42,0,1,Win
624,-1,0,0,65,58,87,76,0,1,Loss
625,1,0,0,49,30,83,58,0,1,Win
626,0,0,0,33,34,37,36,1,0,Loss
627,2,0,0,45,29,65,0,0,1,Win
628,0,0,0,32,28,0,43,0,1,Draw
629,-1,0,0,26,28,42,57,1,0,Draw
630,-1,0,0,32,35,39,40,1,0,Loss
631,1,0,0,58,35,85,55,0,1,Win
632,0,0,0,39,22,49,0,0,0,Draw
633,0,0,0,29,27,0,42,0,0,Win
634,0,0,0,35,61,46,85,0,0,Win
635,0,0,0,23,33,0,37,1,0,Draw
636,-1,0,0,31,38,58,46,1,0,Win
637,1,0,0,55,38,83,55,0,1,Win
638,1,0,0,34,27,37,42,0,1,Win
639,0,0,0,33,32,0,57,0,0,Draw
640,0,0,0,29,61,43,85,1,0,Loss
641,-1,0,0,24,32,0,0,1,0,Loss
642,1,0,0,41,32,49,39,0,1,Win
643,0,0,0,40,64,36,76,1,0,Loss
644,0,0,0,38,33,40,0,0,0,Win
645,1,0,1,35,32,55,39,0,1,Win
646,3,0,0,61,52,76,60,0,1,Win
647,0,0,0,29,48,57,65,1,0,Win
648,-1,0,0,30,40,58,49,1,0,Draw
649,1,0,1,37,65,36,87,0,1,Win
650,1,0,0,48,41,65,40,0,1,Win
651,1,0,0,33,24,57,0,0,1,Draw
652,-1,0,0,32,68,39,87,1,0,Loss
653,0,0,0,38,44,46,49,0,0,Win
654,1,0,0,41,58,40,83,0,1,Loss
655,-1,0,0,52,51,60,65,1,0,Draw
656,1,0,0,38,40,55,36,0,1,Loss
657,2,0,0,67,34,76,58,0,1,Win
658,1,0,0,64,37,85,37,0,1,Win
659,1,0,0,27,34,42,0,0,1,Win
660,1,0,0,38,25,55,0,0,1,Win
661,1,0,0,53,44,60,49,0,1,Draw
662,0,0,0,30,43,42,36,0,0,Draw
663,0,0,0,34,37,57,37,0,0,Win
664,-1,0,0,70,61,76,83,1,0,Draw
665,1,0,0,41,30,46,43,0,1,Win
666,0,0,0,67,52,85,65,0,0,Draw
667,1,0,0,71,37,87,57,0,1,Win
668,-1,0,0,37,54,37,60,1,0,Draw
669,-1,0,0,53,41,65,55,1,0,Loss
670,1,0,0,44,39,36,0,0,1,Win
671,-1,0,0,34,71,0,76,1,0,Loss
672,1,0,0,25,35,0,39,0,1,Win
673,0,0,0,45,68,49,85,1,0,Draw
674,-2,0,0,74,44,87,46,1,0,Win
675,1,0,0,62,31,83,42,0,1,Win
676,1,0,0,34,41,58,40,0,1,Win
677,0,0,0,30,37,43,57,0,0,Draw
678,-1,0,0,39,45,0,49,1,0,Loss
679,1,0,0,44,28,46,0,0,1,Win
680,0,0,0,41,38,40,37,0,0,Draw
681,2,0,0,74,31,76,43,0,1,Win
682,0,0,0,35,53,39,65,1,0,Loss
683,-1,0,0,31,77,42,87,1,0,Loss
684,1,0,0,71,47,85,36,0,1,Win
685,3,0,0,44,37,55,58,0,1,Win
686,-2,0,0,38,65,57,83,1,0,Loss
687,1,0,0,55,34,60,0,0,1,Win
688,-1,0,0,34,39,0,0,1,0,Loss
689,0,0,0,28,42,0,40,0,1,Win
690,-2,0,0,48,77,49,76,1,0,Loss
691,2,0,0,80,47,87,55,0,1,Win
692,-2,0,0,68,74,83,85,1,0,Loss
693,1,0,0,37,38,58,57,0,1,Win
694,0,0,0,39,35,37,39,0,0,Draw
695,0,0,0,56,47,65,46,0,0,Draw
696,0,0,0,47,58,36,60,0,1,Win
697,0,0,0,31,31,43,42,1,0,Win
698,1,0,0,42,83,40,87,0,1,Loss
699,1,0,0,40,34,37,0,0,1,Draw
700,0,0,1,57,48,65,49,1,0,Win
701,1,0,0,31,58,42,60,0,1,Draw
702,-1,0,0,34,50,43,36,1,0,Loss
703,0,0,0,42,42,0,40,0,0,Win
704,1,0,0,48,47,46,55,0,1,Win
705,-1,0,0,31,80,0,76,1,0,Loss
706,1,0,0,77,40,85,58,0,1,Win
707,0,0,0,86,68,87,83,0,0,Draw
708,0,0,0,38,36,57,39,1,0,Win
709,1,0,0,7,6,0,65,0,1,Draw
710,2,0,0,6,6,55,57,0,1,Win
711,0,0,0,1,4,46,40,0,0,Draw
712,0,0,0,12,8,83,0,0,0,Loss
713,-2,0,0,4,7,43,58,1,0,Loss
714,-1,0,0,4,11,0,85,1,0,Loss
715,-1,0,0,10,8,58,87,1,0,Loss
716,0,0,0,7,6,0,36,0,0,Win
717,0,0,0,8,6,40,42,1,0,Loss
718,0,0,0,7,10,37,58,0,0,Draw
719,0,0,0,6,8,36,39,0,0,Draw
720,-1,0,0,17,8,76,40,1,0,Win
721,0,0,0,11,10,87,0,0,0,Win
722,0,0,0,13,7,57,36,0,0,Draw
723,1,0,0,2,8,46,37,0,1,Win
724,0,0,0,12,16,49,83,1,0,Loss
725,-1,0,0,8,14,40,60,1,0,Loss
726,0,0,0,23,24,60,87,0,0,Draw
727,1,0,0,18,21,57,0,0,1,Draw
728,0,0,0,14,11,0,0,0,0,Win
729,0,0,0,33,17,76,49,0,0,Draw
730,0,0,0,28,15,87,39,0,0,Win
731,0,0,0,19,31,49,60,1,0,Loss
732,0,0,0,27,18,0,39,1,0,Loss
733,-1,0,0,34,31,60,83,1,0,Draw
734,1,0,0,17,21,58,55,0,1,Draw
735,2,0,0,29,22,65,39,0,1,Win
736,1,0,0,25,41,36,85,0,1,Draw
737,0,0,1,15,20,0,46,0,0,Win
738,-1,0,0,22,20,49,0,1,0,Win
739,0,0,0,27,35,0,60,1,0,Loss
740,0,0,0,20,45,0,76,0,0,Draw
741,0,0,0,22,25,43,49,0,1,Draw
742,1,0,0,29,27,49,0,0,1,Win
743,-2,0,0,22,46,0,83,1,0,Loss
744,0,0,0,55,31,76,39,0,0,Win
745,-1,0,0,52,32,60,46,1,0,Loss
746,0,0,0,29,52,43,83,1,0,Loss
747,0,0,0,65,52,87,60,0,1,Win
748,1,0,0,35,29,0,43,0,1,Draw
749,0,0,0,36,34,0,58,0,0,Win
750,1,0,0,32,34,39,0,0,1,Win
751,3,0,0,69,45,83,0,0,1,Win
752,1,0,0,59,34,60,43,0,1,Win
753,0,0,0,40,31,58,0,0,0,Draw
754,-1,0,0,53,60,36,65,1,0,Loss
755,-1,0,0,35,87,0,87,1,0,Loss
756,1,0,0,83,51,76,46,0,1,Win
757,1,0,0,47,41,55,37,0,1,Win
758,0,0,0,36,80,39,85,1,0,Loss
759,1,0,0,48,32,49,42,0,1,Win
760,1,0,0,42,41,40,57,0,1,Win
761,1,0,0,0,0,90,0,0,1,Win
762,1,0,0,0,0,51,86,0,1,Win
763,0,0,0,0,0,83,35,1,0,Win
764,-1,0,0,0,0,62,45,1,0,Loss
765,-1,0,0,0,0,41,50,1,0,Loss
766,-1,0,0,0,0,41,36,1,0,Loss
767,-1,0,0,0,0,41,53,1,0,Loss
768,2,0,0,0,0,45,0,0,1,Win
769,-1,0,0,0,0,0,51,1,0,Loss
770,-3,0,0,0,0,63,72,1,0,Loss
771,1,0,0,3,3,36,83,0,1,Loss
772,-1,0,0,3,0,45,0,1,0,Loss
773,0,0,0,0,0,0,41,0,0,Win
774,0,0,0,0,3,0,90,0,1,Draw
775,-2,0,0,0,3,35,51,1,0,Loss
776,2,0,0,0,3,86,45,0,1,Win
777,1,0,0,3,0,72,41,0,1,Win
778,0,0,0,3,3,0,45,0,0,Draw
779,0,0,0,0,0,35,41,0,0,Win
780,1,0,0,3,3,50,0,0,1,Win
781,0,0,0,3,0,36,41,1,0,Win
782,0,0,0,3,3,45,90,1,0,Loss
783,0,0,0,3,6,51,51,0,0,Loss
784,1,0,0,3,0,0,63,0,1,Draw
785,-1,0,0,3,6,53,83,1,0,Loss
786,-2,0,0,3,0,86,62,1,0,Loss
787,1,0,0,9,6,83,0,0,1,Win
788,0,0,0,0,3,41,51,0,0,Draw
789,0,0,0,0,3,41,86,0,1,Loss
790,1,0,0,4,6,45,36,0,1,Win
791,0,0,0,9,4,51,0,0,0,Win
792,-1,0,0,3,3,0,35,1,0,Draw
793,-1,0,0,6,6,90,72,1,0,Win
794,-1,0,0,0,6,41,50,1,0,Loss
795,0,0,0,0,3,63,45,1,0,Win
796,1,0,0,3,3,62,53,0,1,Win
797,0,0,0,7,12,45,83,0,1,Loss
798,0,0,0,6,4,36,35,0,1,Win
799,0,0,0,3,4,45,51,0,0,Win
800,-1,0,0,12,9,51,90,0,1,Loss
801,0,0,0,4,6,0,62,1,0,Loss
802,-1,0,0,3,3,53,63,1,0,Win
803,1,0,0,1,4,41,0,0,1,Win
804,2,0,0,6,6,86,0,0,1,Win
805,1,0,0,9,6,50,72,0,1,Win
806,-1,0,0,0,0,41,41,1,0,Loss
807,0,0,0,6,9,0,36,0,1,Win
808,1,0,0,6,6,72,45,0,1,Win
809,0,0,0,12,12,90,50,0,1,Win
810,1,0,0,4,6,0,53,0,1,Win
811,-1,0,0,0,6,41,63,1,0,Loss
812,-1,0,0,7,4,0,41,1,0,Loss
813,0,0,0,4,12,41,62,1,0,Win
814,1,0,0,12,4,86,35,0,1,Win
815,0,0,0,8,15,45,90,1,0,Loss
816,1,0,0,12,4,50,51,0,1,Win
817,1,0,0,9,7,36,0,0,1,Win
818,0,0,0,7,15,41,51,0,1,Draw
819,0,0,0,9,7,0,0,0,0,Win
820,0,0,0,4,9,35,45,0,0,Win
821,-1,0,0,7,0,0,41,1,0,Loss
822,-1,0,0,18,12,90,36,1,0,Draw
823,1,0,0,12,7,72,41,1,0,Win
824,0,0,0,9,8,63,45,1,0,Draw
825,1,0,1,4,6,51,53,0,1,Draw
826,0,0,0,18,15,83,86,0,0,Win
827,1,0,0,12,15,62,50,0,1,Draw
828,0,0,0,10,7,63,0,1,0,Draw
829,0,0,0,13,21,62,83,1,0,Win
830,1,0,0,15,7,72,0,0,1,Win
831,1,0,0,7,7,53,35,0,1,Win
832,2,0,0,7,12,41,0,1,0,Win
833,1,0,0,9,16,45,50,0,1,Draw
834,0,0,0,8,16,0,62,1,0,Draw
835,1,0,0,7,16,0,36,0,1,Win
836,0,0,0,12,10,0,45,0,1,Loss
837,0,0,0,7,3,35,41,0,0,Draw
838,0,0,0,19,12,51,45,1,0,Loss
839,1,0,0,21,10,83,41,0,1,Win
840,1,0,0,8,11,41,63,0,1,Win
841,0,0,0,15,22,86,90,0,0,Win
842,0,0,0,17,10,50,53,0,0,Draw
843,-2,0,0,5,18,51,72,1,0,Draw
844,1,0,0,11,17,63,62,0,1,Draw
845,0,0,0,11,18,53,86,0,1,Win
846,2,0,0,4,13,41,45,0,1,Win
847,2,0,0,15,9,45,0,0,1,Draw
848,1,0,0,12,8,0,35,0,1,Win
849,1,0,0,7,18,51,62,0,1,Draw
850,0,0,0,10,18,0,50,0,0,Win
851,2,0,0,19,19,72,51,0,1,Win
852,-1,1,0,11,24,41,83,1,0,Loss
853,1,0,0,18,11,62,41,0,1,Win
854,-1,0,0,10,7,41,41,1,0,Win
855,-1,0,0,19,15,50,0,1,0,Draw
856,1,0,0,19,17,51,36,0,1,Win
857,-3,0,0,10,22,0,72,1,0,Loss
858,-1,0,0,8,16,35,45,1,0,Win
859,-1,0,0,10,12,51,63,1,0,Loss
860,0,0,0,13,14,45,53,0,1,Draw
861,0,0,0,27,25,83,90,0,0,Win
862,-1,0,0,18,11,86,0,0,1,Draw
863,0,0,0,19,20,86,50,0,0,Draw
864,1,0,0,12,15,0,53,0,1,Win
865,1,0,0,16,21,0,62,0,1,Draw
866,-1,0,0,11,13,41,41,1,0,Loss
867,1,0,0,22,14,51,45,0,1,Win
868,-1,0,0,16,7,45,41,1,0,Draw
869,1,0,0,15,16,53,41,0,1,Win
870,3,0,0,12,15,35,63,0,1,Win
871,0,0,0,7,28,41,90,1,0,Loss
872,3,0,0,11,17,51,0,0,1,Win
873,0,0,0,14,20,45,36,0,0,Win
874,1,0,0,22,25,62,51,0,1,Draw
875,-1,0,0,10,15,0,0,1,0,Loss
876,-1,0,0,15,20,63,86,1,0,Loss
877,-2,0,0,25,33,72,83,1,0,Loss
878,0,0,0,16,19,41,45,0,0,Draw
879,-1,0,0,18,11,53,41,1,0,Draw
880,1,0,0,21,15,50,35,0,1,Draw
881,2,0,0,25,20,72,45,0,1,Win
882,2,0,0,23,16,62,35,0,1,Win
883,0,0,0,17,23,41,86,0,0,Draw
884,-1,0,0,14,31,51,90,1,0,Loss
885,1,0,0,17,18,45,0,0,1,Loss
886,1,0,0,19,20,53,36,0,1,Win
887,0,0,0,15,26,63,51,1,0,Loss
888,1,0,0,7,17,41,0,0,1,Win
889,0,0,0,20,17,45,45,1,0,Loss
890,0,0,0,21,14,0,51,0,0,Win
891,0,0,0,12,25,41,50,0,1,Draw
892,0,0,0,17,22,0,53,1,0,Draw
893,1,0,0,24,28,86,72,0,1,Loss
894,-1,0,0,21,29,36,62,1,0,Loss
895,1,0,0,24,19,0,41,0,1,Win
896,0,0,0,13,14,41,51,0,0,Win
897,2,0,0,34,16,90,0,0,1,Win
898,0,0,0,18,31,0,72,1,0,Draw
899,1,0,0,37,11,83,41,0,1,Win
900,1,0,0,24,18,86,45,0,1,Win
901,1,0,0,27,26,51,50,0,1,Win
902,0,0,0,32,21,62,45,0,0,Win
903,-1,0,0,19,30,41,51,1,0,Loss
904,1,0,0,23,37,53,90,0,1,Win
905,1,0,0,26,21,50,36,0,1,Win
906,1,0,0,32,17,72,35,0,1,Win
907,1,0,0,16,19,0,0,0,1,Win
908,0,0,0,17,27,63,0,0,1,Draw
909,1,0,0,14,40,51,83,0,1,Draw
910,1,0,1,11,27,41,86,0,1,Win
911,0,0,0,35,35,72,62,0,0,Win
912,-1,0,0,17,37,35,90,1,0,Loss
913,0,0,0,28,41,0,83,0,0,Draw
914,0,0,0,26,33,53,51,0,0,Draw
915,1,0,0,15,14,51,41,0,1,Win
916,0,0,0,20,22,41,36,1,0,Draw
917,-1,0,0,42,27,83,53,1,0,Win
918,0,0,0,19,20,63,0,0,0,Win
919,2,0,0,35,21,50,41,0,1,Win
920,0,0,0,41,22,72,63,1,0,Draw
921,1,0,0,32,43,0,90,0,1,Draw
922,3,0,0,21,27,45,53,0,1,Win
923,-2,0,0,14,38,41,72,1,0,Loss
924,3,0,0,40,19,90,45,0,1,Win
925,0,0,0,35,30,62,86,1,0,Loss
926,1,0,0,17,17,41,35,0,1,Draw
927,1,0,0,34,18,51,51,0,1,Win
928,0,0,0,14,19,41,51,1,0,Draw
929,0,0,0,19,37,0,86,0,0,Draw
930,1,0,0,18,20,41,0,0,1,Win
931,1,0,0,38,27,51,53,0,1,Win
932,1,0,0,47,19,90,35,0,1,Win
933,-1,0,0,45,18,72,41,1,0,Win
934,1,0,0,34,38,86,51,0,1,Win
935,0,0,0,35,18,62,51,0,0,Draw
936,1,0,0,21,27,41,53,0,1,Win
937,-1,0,0,18,42,41,72,1,0,Loss
938,0,0,0,24,33,45,86,1,0,Draw
939,4,0,0,45,23,83,36,0,1,Win
940,0,0,0,36,48,62,72,0,0,Draw
941,2,0,0,48,33,83,0,0,1,Win
942,0,0,0,33,41,0,51,1,0,Draw
943,-2,0,0,27,37,53,62,1,0,Loss
944,1,0,0,19,20,35,0,0,1,Draw
945,1,0,0,38,21,86,41,0,1,Win
946,0,0,0,20,27,51,41,0,0,Draw
947,2,0,0,38,15,50,41,0,1,Win
948,-2,0,0,49,50,72,90,1,0,Loss
949,0,0,0,23,25,36,45,0,0,Draw
950,0,0,0,20,54,35,83,0,1,Draw
951,0,1,1,41,32,86,63,0,0,Win
952,0,0,0,21,30,41,53,0,0,Draw
953,1,0,0,20,21,0,51,0,1,Win
954,1,0,0,21,41,35,50,0,1,Win
955,2,0,0,53,15,90,41,0,1,Win
956,2,0,0,26,28,45,41,0,1,Win
957,-1,0,0,24,22,36,45,1,0,Draw
958,0,0,0,42,40,51,62,0,0,Draw
959,-1,1,1,15,25,41,36,1,0,Draw
960,1,0,0,23,29,45,45,0,1,Draw
961,0,0,0,30,44,45,50,0,0,Draw
962,0,0,0,49,44,72,86,0,0,Win
963,0,0,1,41,56,62,90,0,1,Draw
964,1,0,0,21,37,51,0,0,1,Win
965,1,0,0,21,43,0,51,0,1,Win
966,1,0,1,28,24,41,35,0,1,Win
967,1,0,0,32,58,63,83,1,0,Win
968,1,0,0,41,22,50,41,0,1,Win
969,0,0,0,24,22,45,41,0,0,Draw
970,0,0,0,35,57,63,90,1,0,Win
971,1,0,0,52,26,72,36,0,1,Win
972,1,0,0,24,24,51,35,0,1,Win
973,1,0,0,31,23,41,41,0,1,Win
974,0,0,0,42,23,62,0,1,0,Win
975,-1,0,0,34,37,53,0,1,0,Win
976,0,0,0,45,44,50,86,0,0,Draw
977,1,0,0,57,27,90,51,0,1,Win
978,1,0,0,37,25,0,45,0,1,Win
979,1,0,0,23,24,41,0,0,1,Win
980,0,0,0,61,46,83,50,0,1,Loss
981,2,0,0,38,24,63,35,0,1,Win
982,1,0,0,58,23,72,0,0,1,Win
983,-2,0,0,27,26,51,41,1,0,Loss
984,0,0,0,24,60,0,90,1,0,Loss
985,2,0,0,46,38,51,63,0,1,Win
986,1,0,0,45,34,86,41,0,1,Win
987,0,0,0,26,37,36,53,0,0,Draw
988,1,0,0,25,48,45,86,0,1,Win
989,-1,0,0,23,34,0,45,1,0,Draw
990,1,0,0,27,29,36,41,0,1,Win
991,-2,0,0,19,40,41,0,1,0,Loss
992,1,0,0,49,34,51,41,0,1,Win
993,0,0,0,63,38,90,53,0,0,Win
994,1,0,0,30,49,36,50,0,1,Draw
995,3,0,0,48,19,86,41,0,1,Win
996,0,0,0,28,46,45,62,1,0,Loss
997,-1,0,0,49,27,62,0,0,1,Draw
998,0,0,0,42,32,63,41,0,0,Win
999,0,0,0,19,24,41,35,1,0,Win
1000,0,0,0,36,52,45,51,1,0,Loss
1001,2,0,0,31,44,36,0,0,1,Win
1002,-1,0,0,27,28,51,0,1,0,Loss
1003,0,0,0,66,51,90,86,1,0,Win
1004,-2,0,0,38,50,53,50,1,0,Loss
1005,-1,0,0,34,64,41,83,1,0,Draw
1006,-1,0,0,53,45,50,63,1,0,Loss
1007,0,0,0,50,34,62,36,1,0,Draw
1008,-1,0,0,22,65,41,83,1,0,Loss
1009,1,0,0,68,51,83,62,0,1,Win
1010,1,0,0,24,38,35,53,0,1,Win
1011,2,0,0,55,22,51,41,0,1,Win
1012,0,0,0,27,36,51,45,1,0,Loss
1013,0,0,0,31,48,0,63,0,0,Draw
1014,-1,0,0,32,69,41,90,1,0,Loss
1015,2,0,0,51,35,86,36,0,1,Win
1016,0,0,0,44,67,0,72,1,0,Draw
1017,0,0,0,53,31,50,45,0,0,Win
1018,-1,0,0,24,38,0,41,1,0,Loss
1019,-1,0,0,72,71,90,83,1,0,Loss
1020,0,0,0,68,32,72,0,0,0,Win
1021,-1,0,0,32,51,41,62,1,0,Loss
1022,0,0,0,22,41,41,41,0,0,Draw
1023,1,0,0,39,27,45,35,0,1,Win
1024,3,0,0,35,58,36,51,0,1,Win
1025,-5,0,0,24,56,0,50,1,0,Loss
1026,0,0,0,27,24,35,0,0,1,Loss
1027,0,0,0,28,38,51,36,0,0,Win
1028,0,0,0,45,54,0,86,1,0,Draw
1029,0,0,0,42,72,41,90,0,0,Draw
1030,0,0,0,55,41,86,53,0,0,Draw
1031,1,0,0,74,32,83,41,0,1,Win
1032,0,0,0,32,42,0,45,0,0,Draw
1033,-1,0,0,54,50,62,63,1,0,Draw
1034,0,0,0,31,23,45,41,0,0,Draw
1035,0,0,0,42,33,53,0,0,0,Draw
1036,1,0,0,43,32,45,41,0,1,Loss
1037,2,0,0,38,27,36,0,0,1,Win
1038,2,0,0,61,77,51,83,0,1,Win
1039,-1,0,0,24,55,41,62,0,1,Loss
1040,0,0,0,62,73,50,90,1,0,Loss
1041,0,0,0,46,27,0,35,0,0,Draw
1042,-1,0,0,43,51,41,63,1,0,Loss
1043,2,0,0,56,31,86,51,0,1,Win
1044,-1,0,0,32,71,45,72,1,0,Win
1045,0,0,0,76,64,90,51,0,0,Win
1046,2,0,0,35,24,41,41,0,1,Draw
1047,0,0,0,61,47,62,0,0,0,Win
1048,0,0,0,27,59,0,86,1,0,Loss
1049,-1,0,0,54,43,63,53,1,0,Win
1050,1,0,0,63,64,50,62,1,0,Win
1051,-1,0,0,62,80,86,83,1,0,Loss
1052,1,0,0,43,34,53,51,0,1,Win
1053,-1,0,0,44,79,36,90,1,0,Loss
1054,2,0,0,47,27,0,0,0,1,Win
1055,0,0,0,35,28,45,35,0,1,Draw
1056,0,0,0,46,44,53,45,1,0,Loss
1057,0,0,0,66,67,50,51,1,0,Loss
1058,2,0,0,9,0,62,41,0,1,Win
1059,0,0,0,3,7,41,45,1,0,Draw
1060,0,0,0,4,4,35,0,1,0,Loss
1061,0,0,0,4,9,51,86,1,0,Loss
1062,1,0,0,15,12,83,51,0,1,Win
1063,1,0,0,3,4,63,41,0,1,Win
1064,0,0,0,6,9,53,72,1,0,Loss
1065,2,0,0,12,9,51,0,0,1,Win
1066,0,0,0,6,18,45,83,0,1,Win
1067,2,0,0,19,8,90,41,0,1,Win
1068,-2,0,0,3,16,41,51,1,0,Loss
1069,0,0,0,9,5,45,51,0,1,Win
1070,1,0,0,13,15,36,86,0,1,Win
1071,0,0,0,22,10,90,41,0,0,Win
1072,-1,1,0,16,6,36,51,1,0,Draw
1073,3,0,0,30,10,83,0,0,1,Win
1074,1,0,0,11,10,35,51,1,0,Draw
1075,1,0,0,25,15,90,63,0,1,Win
1076,0,0,0,17,25,36,72,0,0,Win
1077,0,0,0,22,36,50,83,1,0,Win
1078,1,0,0,10,12,0,41,0,1,Win
1079,0,0,0,36,16,83,63,1,0,Draw
1080,0,0,0,16,18,35,41,0,0,Draw
1081,-1,0,0,34,26,90,62,1,0,Loss
1082,1,0,0,20,10,36,41,0,1,Draw
1083,-1,0,0,27,13,51,0,1,0,Loss
1084,-1,0,0,19,16,0,41,1,0,Draw
1085,0,0,0,27,19,86,0,0,0,Win
1086,2,0,0,29,21,50,45,0,1,Win
1087,1,0,0,21,18,36,63,0,1,Draw
1088,-1,0,0,18,19,45,41,1,0,Draw
1089,0,0,0,21,29,45,0,1,0,Loss
1090,-1,0,0,19,32,0,50,1,0,Loss
1091,2,0,0,23,38,63,50,0,1,Win
1092,0,0,0,44,20,90,0,0,0,Win
1093,0,0,0,37,18,51,35,0,0,Draw
1094,0,1,1,19,19,0,45,1,0,Loss
1095,1,0,0,24,22,41,45,0,1,Win
1096,2,0,0,26,23,63,36,0,1,Win
1097,-1,0,0,20,51,0,83,1,0,Loss
1098,0,0,0,22,29,45,63,1,0,Loss
1099,0,0,0,27,15,53,41,0,0,Win
1100,-1,0,0,34,21,0,0,1,0,Win
1101,2,0,0,55,49,83,72,0,1,Win
1102,2,0,0,31,23,53,0,0,1,Win
1103,1,0,0,16,31,41,45,0,1,Loss
1104,-1,0,0,24,58,0,83,1,0,Loss
1105,-1,0,0,25,43,45,51,1,0,Loss
1106,0,0,0,23,16,0,41,1,0,Loss
1107,0,0,0,34,55,45,72,0,1,Loss
1108,-1,0,0,43,41,0,63,1,0,Draw
1109,1,0,0,29,28,41,45,0,1,Win
1110,-1,0,0,24,24,0,0,1,0,Loss
1111,0,0,0,61,27,83,51,0,1,Win
1112,0,1,0,24,61,35,72,1,0,Loss
1113,0,0,0,35,45,45,62,0,0,Draw
1114,1,1,0,64,27,72,51,0,1,Win
1115,0,0,0,28,24,45,0,0,0,Win
1116,1,0,0,38,44,41,0,0,1,Win
1117,1,0,0,49,27,63,51,0,1,Draw
1118,-1,0,0,38,31,53,45,1,0,Win
1119,2,0,0,59,46,50,0,0,1,Win
1120,1,0,0,58,71,51,72,0,1,Win
1121,-1,0,0,28,58,35,62,1,0,Loss
1122,1,0,0,31,35,51,45,1,0,Win
1123,-1,0,0,34,43,0,41,1,0,Draw
1124,-1,0,1,28,41,35,36,1,0,Loss
1125,0,0,0,71,62,72,50,0,0,Draw
1126,3,0,0,77,43,83,45,0,1,Win
1127,1,0,0,64,36,51,41,0,1,Win
1128,0,0,0,43,57,45,63,0,0,Draw
1129,1,0,0,25,35,41,0,0,1,Win
1130,0,0,0,44,72,41,72,1,0,Win
1131,0,0,0,35,44,0,36,1,0,Win
1132,0,0,0,34,66,51,50,0,1,Draw
1133,2,0,0,82,47,90,45,0,1,Win
1134,0,0,0,29,62,35,86,0,0,Draw
1135,0,0,0,58,28,63,41,0,0,Win
1136,2,0,1,83,36,83,45,0,1,Win
1137,-1,0,0,27,70,0,51,1,0,Win
1138,1,0,0,36,50,41,0,0,1,Win
1139,0,0,0,64,47,62,41,1,0,Loss
1140,3,0,0,72,46,72,53,0,1,Win
1141,0,1,1,0,0,63,75,0,0,Draw
1142,0,0,0,0,0,70,67,0,0,Draw
1143,2,0,0,0,0,64,35,0,1,Win
1144,1,0,0,0,0,50,61,0,1,Win
1145,0,0,0,0,0,39,46,0,0,Draw
1146,1,1,0,0,0,44,50,0,1,Draw
1147,-3,0,0,0,0,36,0,1,0,Loss
1148,2,0,0,0,0,38,47,0,1,Win
1149,2,0,0,0,0,86,0,0,1,Win
1150,2,0,0,0,0,85,0,0,1,Win
1151,3,0,1,1,3,75,0,0,1,Win
1152,0,0,0,1,3,50,50,1,0,Draw
1153,1,0,0,0,3,61,38,0,1,Draw
1154,-1,0,0,0,1,47,70,1,0,Loss
1155,0,0,0,0,1,0,44,0,0,Win
1156,1,0,0,0,1,35,39,0,1,Loss
1157,1,0,0,1,1,67,63,0,1,Win
1158,2,0,0,0,3,0,64,1,0,Win
1159,-1,0,0,1,3,46,85,1,0,Loss
1160,0,0,0,3,4,50,75,1,0,Loss
1161,-1,0,0,3,2,0,46,1,0,Draw
1162,2,0,0,6,0,86,47,0,1,Win
1163,0,0,0,4,0,70,36,1,0,Loss
1164,1,0,0,4,3,38,0,0,1,Draw
1165,1,0,0,4,0,85,35,0,1,Win
1166,-1,1,0,4,4,39,50,1,0,Draw
1167,0,0,0,1,3,63,0,0,0,Win
1168,0,0,0,1,4,44,67,0,0,Win
1169,1,0,0,3,1,64,61,0,1,Win
1170,-2,0,0,0,9,35,86,1,0,Loss
1171,0,0,1,3,4,36,44,1,0,Draw
1172,0,0,0,5,4,50,63,0,0,Draw
1173,0,0,0,1,7,61,85,0,1,Loss
1174,0,0,0,7,5,75,39,0,1,Win
1175,-1,0,0,3,5,46,38,1,0,Win
1176,-1,0,0,4,3,67,50,1,0,Draw
1177,-1,0,0,4,4,0,0,1,0,Loss
1178,0,0,0,3,4,0,70,1,0,Draw
1179,0,0,0,6,5,64,39,0,1,Draw
1180,1,0,0,4,6,50,46,0,1,Draw
1181,-1,0,0,2,4,61,0,1,0,Loss
1182,-1,0,0,5,5,70,38,1,0,Win
1183,-1,0,0,4,6,0,50,1,0,Win
1184,1,0,0,8,5,85,63,0,1,Win
1185,-1,0,0,4,5,36,67,1,0,Loss
1186,4,0,0,12,7,86,0,0,1,Win
1187,-1,0,0,3,0,47,35,1,0,Draw
1188,0,0,0,8,15,67,86,0,0,Win
1189,-1,0,0,11,7,75,0,1,0,Loss
1190,0,0,0,6,4,50,36,0,0,Draw
1191,-1,0,0,7,5,0,50,1,0,Loss
1192,0,0,0,6,11,39,85,0,1,Draw
1193,-1,0,0,5,7,38,64,1,0,Loss
1194,1,0,0,7,4,0,47,0,1,Loss
1195,0,0,1,5,5,36,38,0,0,Win
1196,0,0,0,7,3,50,61,1,0,Loss
1197,0,0,0,7,8,47,50,0,0,Win
1198,0,0,0,11,7,67,0,0,1,Win
1199,-2,0,0,6,7,63,0,1,0,Loss
1200,1,0,0,15,11,86,75,0,1,Win
1201,0,0,0,10,14,0,67,1,0,Loss
1202,0,0,0,11,7,75,50,1,0,Win
1203,1,0,0,8,10,39,47,0,1,Win
1204,0,0,0,9,11,46,70,0,1,Loss
1205,0,1,0,8,8,50,44,0,0,Draw
1206,1,0,0,6,6,61,63,0,1,Win
1207,1,0,0,7,10,50,0,0,1,Win
1208,1,0,0,19,6,86,38,0,1,Win
1209,1,0,0,9,11,44,64,0,1,Win
1210,1,0,0,12,9,0,46,1,0,Win
1211,0,0,0,9,11,36,39,0,0,Draw
1212,0,0,0,6,8,35,0,0,1,Loss
1213,-1,0,0,10,14,47,85,1,0,Loss
1214,0,0,0,6,9,63,50,0,0,Win
1215,-2,1,0,17,14,67,75,1,0,Loss
1216,0,0,0,14,9,70,61,1,0,Draw
1217,0,0,0,9,22,50,86,0,1,Loss
1218,0,0,0,10,10,61,47,0,0,Win
1219,3,0,0,11,12,0,44,0,1,Win
1220,0,0,0,12,9,39,63,1,0,Loss
1221,0,0,0,17,6,75,35,0,0,Win
1222,1,0,2,10,15,0,0,0,1,Win
1223,0,0,0,11,10,64,50,0,0,Draw
1224,1,0,0,12,15,39,70,0,1,Win
1225,0,0,0,11,6,50,35,1,0,Draw
1226,0,0,0,9,10,50,36,0,0,Win
1227,0,0,0,13,13,0,61,0,1,Draw
1228,-1,0,0,12,12,46,64,1,0,Draw
1229,1,0,0,20,9,85,38,0,1,Win
1230,2,0,0,12,10,44,47,0,1,Win
1231,-1,0,0,20,14,75,0,1,0,Loss
1232,-2,0,0,15,17,0,67,1,0,Loss
1233,2,0,0,12,25,63,86,0,1,Win
1234,1,0,0,10,12,47,50,0,1,Win
1235,0,0,0,15,15,70,44,0,0,Draw
1236,0,0,0,13,14,64,0,0,1,Win
1237,1,0,0,25,13,86,46,0,1,Win
1238,-1,0,0,17,12,0,50,1,0,Loss
1239,0,0,0,7,15,35,0,1,0,Draw
1240,-1,0,0,10,15,36,63,1,0,Draw
1241,-1,0,0,9,20,38,75,1,0,Loss
1242,0,0,0,14,15,61,39,1,0,Draw
1243,0,0,0,20,23,67,85,0,0,Draw
1244,3,0,0,16,15,70,50,0,1,Win
1245,0,0,0,8,14,35,0,0,0,Draw
1246,0,0,0,11,16,36,0,0,0,Win
1247,-1,0,0,9,16,38,39,1,0,Loss
1248,0,0,0,13,16,47,63,0,0,Win
1249,-1,0,0,15,23,61,75,1,0,Loss
1250,-1,0,0,28,16,86,44,1,0,Loss
1251,0,0,0,16,24,64,85,0,0,Draw
1252,0,0,0,21,12,67,50,0,0,Draw
1253,0,0,0,17,13,0,46,0,0,Draw
1254,2,0,0,19,18,39,0,0,1,Win
1255,-3,0,0,14,22,46,67,1,0,Loss
1256,2,0,0,26,19,75,70,0,1,Loss
1257,1,0,0,13,28,50,86,0,1,Win
1258,2,0,0,15,9,0,38,0,1,Win
1259,0,0,0,19,15,44,61,1,0,Draw
1260,1,0,0,15,17,50,64,0,1,Win
1261,-1,0,0,16,16,61,0,1,0,Loss
1262,-1,0,0,14,16,46,50,1,0,Draw
1263,3,0,0,28,18,85,50,0,1,Win
1264,0,0,0,19,25,47,67,1,0,Draw
1265,1,0,0,9,14,35,36,0,1,Win
1266,0,0,0,9,20,38,44,0,0,Win
1267,0,0,0,18,28,0,86,0,1,Draw
1268,-1,0,0,22,19,70,63,1,0,Win
1269,-2,0,0,17,26,64,75,1,0,Loss
1270,-1,0,0,22,18,39,0,1,0,Draw
1271,1,0,0,20,12,44,35,0,1,Win
1272,0,0,0,29,15,75,46,0,1,Win
1273,-1,0,0,17,25,50,70,1,0,Draw
1274,2,0,0,18,12,50,38,0,1,Win
1275,2,0,0,19,17,63,64,0,1,Win
1276,1,0,0,19,19,0,0,0,1,Win
1277,0,0,0,15,23,46,44,0,0,Draw
1278,0,0,0,21,19,47,0,1,0,Loss
1279,0,0,0,17,15,61,36,0,0,Draw
1280,-2,0,0,32,18,67,61,1,0,Loss
1281,1,0,0,24,26,44,39,0,1,Win
1282,0,0,0,21,12,50,35,0,0,Draw
1283,1,0,0,31,32,85,75,0,1,Win
1284,0,0,0,23,21,39,50,0,0,Win
1285,1,0,0,12,18,38,50,0,1,Win
1286,1,0,0,26,30,70,86,0,1,Loss
1287,1,0,0,17,22,64,0,0,1,Win
1288,-1,0,0,16,13,46,35,0,1,Loss
1289,0,0,0,22,21,50,47,1,0,Loss
1290,1,0,0,32,31,75,86,0,1,Win
1291,3,0,0,35,20,67,64,0,1,Win
1292,-2,0,0,24,16,47,46,1,0,Loss
1293,0,0,0,27,22,44,0,1,0,Loss
1294,0,0,0,30,22,70,0,0,0,Win
1295,0,0,0,22,22,0,50,1,0,Loss
1296,0,0,0,16,21,35,61,0,1,Draw
1297,0,0,0,18,37,50,85,1,0,Draw
1298,0,0,0,31,29,86,39,0,0,Win
1299,-1,0,0,19,35,36,75,0,1,Draw
1300,0,0,0,22,15,63,38,1,0,Loss
1301,2,0,0,38,25,67,0,0,1,Win
1302,1,0,0,24,22,47,61,0,1,Win
1303,2,0,0,27,25,44,50,0,1,Win
1304,1,0,0,33,19,70,46,0,1,Win
1305,0,0,0,17,18,35,38,0,0,Win
1306,-1,0,0,19,36,50,75,1,0,Loss
1307,0,0,0,34,20,86,64,0,1,Draw
1308,-1,0,0,20,22,36,0,1,0,Loss
1309,0,0,0,22,38,0,85,1,0,Draw
1310,-1,0,0,22,29,63,39,1,0,Win
1311,0,0,0,25,25,0,63,1,0,Win
1312,0,0,0,39,41,75,67,0,0,Draw
1313,0,0,0,21,30,64,44,1,0,Loss
1314,3,0,0,25,20,0,35,0,1,Win
1315,1,0,0,18,35,38,86,0,1,Win
1316,2,0,0,25,25,50,63,0,1,Win
1317,0,0,0,29,20,39,36,0,0,Draw
1318,0,0,0,22,36,61,70,0,1,Win
1319,-1,0,0,25,19,0,50,1,0,Loss
1320,0,0,0,35,28,86,50,0,0,Win
1321,0,0,0,42,21,67,38,1,0,Win
1322,1,0,0,27,30,47,39,0,1,Win
1323,0,0,0,22,28,0,0,1,0,Win
1324,0,0,0,21,22,36,46,0,0,Draw
1325,-2,0,0,20,40,35,75,1,0,Loss
1326,0,0,0,22,21,50,64,0,0,Draw
1327,0,0,0,33,28,44,0,1,0,Draw
1328,-1,0,0,46,27,75,61,1,0,Win
1329,0,0,0,37,41,44,86,0,1,Loss
1330,2,0,0,51,28,85,64,0,1,Win
1331,-1,0,0,25,22,0,36,0,1,Draw
1332,0,0,0,29,26,63,46,0,0,Win
1333,2,0,0,28,48,0,85,0,1,Loss
1334,0,0,0,22,25,36,64,1,0,Loss
1335,-2,0,0,30,38,39,86,1,0,Loss
1336,1,0,0,28,25,50,0,0,1,Win
1337,-1,0,0,21,26,38,63,1,0,Loss
1338,1,0,0,43,22,75,36,0,1,Win
1339,-2,0,0,28,34,0,44,1,0,Loss
1340,-1,0,0,26,20,61,35,1,0,Draw
1341,1,0,0,23,30,46,47,0,1,Win
1342,3,0,0,45,23,85,50,0,1,Win
1343,-1,0,0,23,45,50,67,1,0,Draw
1344,-1,0,0,31,38,50,70,1,0,Loss
1345,-2,0,0,28,21,0,35,1,0,Loss
1346,0,0,0,30,37,47,44,1,0,Win
1347,0,0,0,24,24,35,50,1,0,Loss
1348,0,0,0,44,35,86,63,1,0,Loss
1349,0,0,0,28,29,0,64,1,0,Draw
1350,1,0,0,38,26,63,36,0,1,Draw
1351,3,0,0,26,24,0,35,0,1,Draw
1352,0,0,0,31,31,50,0,0,0,Draw
1353,-1,0,0,27,24,0,38,1,0,Draw
1354,-1,0,0,30,32,50,0,1,0,Loss
1355,0,0,0,30,44,46,86,0,0,Win
1356,1,0,0,33,30,39,61,0,1,Win
1357,1,0,0,54,49,85,67,0,1,Win
1358,1,0,0,50,24,75,38,0,1,Win
1359,0,0,0,27,33,50,47,0,0,Win
1360,2,0,0,29,47,0,70,0,1,Win
1361,1,0,0,53,33,75,47,0,1,Win
1362,0,0,0,30,32,64,50,0,0,Win
1363,2,0,0,30,37,61,44,0,1,Win
1364,0,0,0,35,36,0,39,0,1,Draw
1365,-1,0,0,27,57,36,85,1,0,Loss
1366,2,0,0,25,39,35,63,0,1,Win
1367,1,0,0,49,31,67,46,0,1,Draw
1368,0,0,0,33,28,47,0,0,0,Draw
1369,-1,0,0,45,60,86,85,1,0,Win
1370,0,0,0,37,33,39,64,1,0,Draw
1371,2,0,0,39,60,63,85,0,1,Win
1372,0,0,0,28,47,38,70,0,1,Draw
1373,0,0,0,30,29,50,0,1,0,Loss
1374,0,0,0,56,37,75,44,0,0,Draw
1375,-1,0,0,0,3,36,86,1,0,Loss
1376,-1,0,0,0,6,47,64,1,0,Win
1377,-1,0,0,5,10,44,75,1,0,Draw
1378,1,0,0,1,8,35,70,0,1,Win
1379,0,0,0,5,6,63,44,0,1,Draw
1380,0,0,0,7,2,46,61,0,0,Draw
1381,-1,0,0,4,8,35,46,1,0,Draw
1382,0,0,0,10,7,0,39,1,0,Draw
1383,0,0,0,8,10,70,64,1,0,Win
1384,0,0,0,7,12,44,85,0,0,Draw
1385,1,0,0,5,5,38,35,0,1,Draw
1386,-2,0,0,7,8,0,36,1,0,Draw
1387,2,0,0,13,11,85,0,0,1,Draw
1388,0,0,0,10,18,64,86,0,0,Draw
1389,2,0,0,9,10,46,36,0,1,Win
1390,1,0,0,17,15,85,70,0,1,Win
1391,0,0,0,6,17,38,67,1,0,Win
1392,0,0,0,16,16,0,47,1,0,Loss
1393,1,0,0,25,14,85,36,0,1,Win
1394,3,0,0,16,9,63,35,0,1,Win
1395,0,0,0,14,20,36,47,1,0,Draw
1396,1,0,0,26,23,67,39,0,1,Win
1397,1,0,0,29,16,86,61,0,1,Draw
1398,-1,0,0,12,29,35,67,1,0,Loss
1399,1,0,0,19,22,0,63,0,1,Win
1400,-2,0,0,15,16,38,36,1,0,Loss
1401,-2,0,0,22,32,0,67,1,0,Loss
1402,1,0,0,34,27,85,44,0,1,Win
1403,1,0,0,26,22,39,0,0,1,Win
1404,-1,0,1,20,27,64,70,1,0,Loss
1405,1,0,0,41,27,85,47,0,1,Win
1406,1,0,0,19,22,46,0,0,1,Win
1407,0,0,0,36,44,70,85,0,0,Draw
1408,1,0,0,25,25,63,61,0,1,Draw
1409,0,0,0,29,37,0,70,0,0,Draw
1410,1,0,0,22,45,64,67,0,1,Win
1411,0,0,0,32,30,63,47,0,0,Win
1412,0,0,0,26,30,46,0,0,0,Win
1413,0,0,0,30,21,39,38,0,0,Win
1414,1,0,0,21,54,38,85,1,0,Win
1415,0,0,0,23,31,36,50,1,0,Win
1416,1,0,0,41,33,70,39,0,1,Win
1417,-4,0,0,30,49,0,75,1,0,Draw
1418,3,0,0,46,26,67,0,0,1,Win
1419,0,0,0,27,28,61,0,0,1,Win
1420,1,0,0,28,29,64,46,0,1,Draw
1421,0,0,0,37,44,44,70,0,1,Loss
1422,1,0,1,25,32,38,0,0,1,Win
1423,2,0,0,28,34,35,47,0,1,Win
1424,-1,0,0,36,33,0,61,0,1,Loss
1425,1,0,0,50,27,67,36,0,1,Win
1426,0,0,0,32,32,46,50,0,1,Win
1427,-1,0,0,32,48,0,86,1,0,Loss
1428,0,0,0,36,30,61,50,1,0,Draw
1429,0,0,0,27,31,36,50,1,0,Win
1430,1,0,0,32,57,0,75,0,1,Draw
1431,0,0,0,48,31,70,35,0,0,Draw
1432,1,0,0,34,36,47,0,0,1,Win
1433,0,0,0,60,40,85,39,0,0,Win
1434,1,0,0,37,35,61,46,0,1,Win
1435,-2,0,0,32,32,50,0,1,0,Draw
1436,-1,0,0,33,29,64,38,1,0,Loss
1437,-1,0,0,38,42,44,63,1,0,Loss
1438,0,0,0,51,53,86,67,0,0,Win
1439,0,0,0,30,49,36,70,0,0,Draw
1440,2,0,0,32,63,35,85,0,1,Loss
1441,0,0,0,33,45,0,63,1,0,Win
1442,0,0,0,37,54,47,86,0,1,Draw
1443,2,0,0,36,32,0,38,0,1,Win
1444,1,0,0,40,33,61,64,0,1,Draw
1445,1,0,0,31,40,50,39,0,1,Win
1446,0,0,0,58,33,75,50,0,0,Draw
1447,2,0,0,53,38,67,44,0,1,Win
1448,2,0,0,35,33,46,0,0,1,Win
1449,-3,0,0,32,41,38,61,1,0,Loss
1450,1,0,0,50,38,70,47,0,1,Win
1451,1,0,0,38,36,44,0,0,1,Loss
1452,2,0,0,66,38,85,46,0,1,Win
1453,0,0,0,55,31,86,36,0,0,Win
1454,2,0,0,40,32,39,35,0,1,Win
1455,0,0,0,34,34,50,50,1,0,Draw
1456,1,0,0,34,39,64,0,0,1,Win
1457,-2,0,0,33,59,0,75,1,0,Loss
1458,3,0,0,45,56,63,67,0,1,Win
1459,0,0,0,32,37,35,64,0,1,Loss
1460,-2,0,0,39,58,0,86,0,1,Loss
1461,0,0,0,44,35,61,50,0,0,Win
1462,-2,0,0,33,31,0,36,1,0,Loss
1463,1,0,0,35,38,50,44,0,1,Win
1464,0,0,0,62,48,75,63,0,0,Draw
1465,0,0,0,39,69,0,85,0,0,Draw
1466,-1,0,0,53,63,70,75,1,0,Draw
1467,2,0,0,61,38,86,50,0,1,Win
1468,1,0,0,32,38,38,46,0,1,Draw
1469,0,0,0,54,39,70,0,1,0,Draw
1470,0,0,0,38,34,44,36,1,0,Win
1471,0,0,0,70,47,85,61,0,0,Win
1472,2,0,0,49,38,63,50,0,1,Win
1473,1,0,0,64,32,86,35,0,1,Win
1474,0,0,0,33,40,0,0,1,0,Draw
1475,0,0,0,40,38,64,47,1,0,Draw
1476,1,0,0,43,64,39,75,0,1,Win
1477,0,0,0,35,56,50,67,1,0,Loss
1478,2,0,0,39,33,47,38,0,1,Win
1479,1,0,0,39,46,46,39,0,1,Win
1480,1,0,0,34,47,36,61,0,1,Draw
1481,-1,0,0,40,41,0,64,1,0,Win
1482,-1,0,0,41,42,44,46,1,0,Loss
1483,0,0,0,67,55,86,70,1,0,Win
1484,0,0,0,34,42,0,47,0,0,Draw
1485,1,0,0,35,46,50,39,0,1,Win
1486,1,0,0,59,32,67,35,0,1,Win
1487,1,0,0,52,41,63,0,0,1,Win
1488,0,1,0,38,33,50,38,1,0,Draw
1489,0,0,0,64,73,75,85,0,0,Win
1490,-1,0,0,32,38,35,50,1,0,Draw
1491,0,0,0,55,35,70,0,1,0,Draw
1492,1,0,1,41,39,0,50,0,1,Win
1493,-1,0,0,48,62,61,67,1,0,Win
1494,-1,0,0,46,41,39,44,1,0,Loss
1495,0,0,0,41,35,64,36,1,0,Draw
1496,2,0,0,34,43,38,0,0,1,Win
1497,2,0,0,43,67,47,75,0,1,Win
1498,2,0,0,73,70,85,86,0,1,Win
1499,-3,0,0,45,55,46,63,1,0,Loss
1500,1,0,0,62,56,67,70,0,1,Win
1501,1,0,0,43,51,0,61,0,1,Win
1502,0,0,0,44,37,44,38,1,0,Loss
1503,1,0,0,36,46,0,39,1,0,Win
1504,1,0,0,39,76,50,85,0,1,Draw
1505,-2,0,0,36,33,36,35,1,0,Win
1506,-1,0,0,58,56,63,70,1,0,Loss
1507,0,0,0,77,44,86,0,0,1,Draw
1508,-1,0,0,39,45,50,46,1,0,Loss
1509,-2,0,0,67,42,75,64,1,0,Loss
1510,1,0,0,65,46,67,47,0,1,Win
1511,-3,0,0,40,40,38,50,1,0,Loss
1512,-1,0,0,33,44,35,44,1,0,Loss
1513,0,0,0,59,39,70,50,0,0,Win
1514,0,0,0,46,39,47,36,1,0,Loss
1515,2,0,0,45,46,0,0,0,1,Draw
1516,0,0,0,77,39,85,0,0,1,Win
1517,0,0,0,48,67,46,75,0,1,Draw
1518,0,0,0,51,71,61,86,0,0,Win
1519,-1,0,0,46,68,39,67,1,0,Loss
1520,1,0,0,45,58,64,63,0,1,Win
